Name,Price,Off
گوشی موبایل شیائومی مدل redmi 9T M2010J19SG ظرفیت 128 گیگابایت و رم 4 گیگابایت,"۳,۹۰۹,۰۰۰تومان",۵٪
ژل آبرسان کامان مدل آلوئه ورا حجم 400 میلی لیتر,"۳۳,۹۰۰تومان",۲۶٪
بالم لب مرو مدل Mini بسته ۳ عددی ,"۱۴,۰۰۰تومان",۳۳٪
مبدل برق هادرون مدل A10E-1,"۳۶,۹۰۰تومان",۲۰٪
مداد شمعی 12 رنگ اریک کراوزه مدل EK33118,"۱۲,۹۰۰تومان",۴۸٪
کاغذ A4 فولیو پرایم مدل +A بسته 500 عددی,"۶۶,۵۰۰تومان",۱۹٪
ساک لوازم کودک و نوزاد فوروارد کد FCLT3337,"۱۶۹,۰۰۰تومان",۷۴٪
کتاب اثر مرکب اثر دارن هاردی انتشارات باران خرد,"۱۹,۶۰۰تومان",۸۰٪
اسپری ضد تعریق مردانه پرستیژ مدل Bvlgari حجم 150 میلی لیتر,"۱۲,۹۰۰تومان",۱۹٪
تی شرت زنانه کد 120,"۶۰,۰۰۰تومان",
ادو پرفیوم مردانه اسکلاره مدل Warrior حجم 85 میلی لیتر,"۱۵۵,۹۵۰تومان",
کتاب پنج قدم فاصله اثر ریچل لیپینکات نشر میلکان,"۳۶,۸۰۰تومان",۳۲٪
جوراب مردانه مدل نویدکد A211 مجموعه 6 عددی,"۷۴,۵۰۰تومان",۵۷٪
کیف ابزار فوروارد مدل FCLT3060,"۴۹,۰۰۰تومان",۵۹٪
شارژر همراه رانیک پرایم مدل PB01 ظرفیت 10000 میلی آمپر ساعت,"۱۹۹,۰۰۰تومان",۴۵٪
کوله پشتی 65 لیتری فوروارد مدل FCLT402-2,"۳۲۹,۹۰۰تومان",۶۱٪
روان نویس طرح یونیکورن کد 9911,"۲۹,۰۰۰تومان",۲۸٪
سرویس خواب ژینورا مدل هانا یکنفره 2 تکه,"۴۰۰,۰۰۰تومان",
سبد نظم دهنده مدل X6,"۴۹,۰۰۰تومان",۳۲٪
پوشینه بزرگسال ایزی لایف کد 001 سایز کوچک بسته 14عددی,"۹۷,۹۰۰تومان",۱۷٪
تبلت هوآوی مدل MatePad T10s ظرفیت 32 گیگابایت و رم 2 گیگابایت به‌همراه کارت حافظه microSDX...,"۳,۸۴۹,۰۰۰تومان",۸٪
صندل مردانه نسیم مدل عارف کد 8711,"۴۵,۰۰۰تومان",۲۴٪
گلیم ماشینی فرش نیروانا کد 613,"۱۲۰,۰۰۰تومان",۲۵٪
کیف پول چرما اسپرت کد HBK001,"۱۸۳,۰۰۰تومان",۳۲٪
ماسک ضد چروک هیدرودرم مدل Collagen مقدار 100 گرم,"۶۹,۰۰۰تومان",۳۴٪
سرویس ملحفه پونته مدل هلیاکد 001 یک نفره 2 تکه,"۱۰۵,۰۰۰تومان",۴۵٪
ست تی شرت و شلوارک پسرانه مدل دزد دریایی کد 107,"۱۱۵,۰۰۰تومان",۲۳٪
واکس داشبورد روناکس مدلGm1 حجم ۵۰۰ میلی لیتر,"۲۲,۸۰۰تومان",۳۳٪
ست شیرآلات پادرا مدل بتا کد Wh-GL,"۱,۳۹۹,۰۰۰تومان",۳۸٪
گلدان ژله ای کد 6-20 مجموعه 9عددی,"۸,۰۰۰تومان",۲۰٪
اس اس دی اینترنال SATA3.0 سیلیکون پاور مدل Ace A55 ظرفیت 128 گیگابایت,"۶۹۹,۰۰۰تومان",۷٪
زودپز دوقلو ماتریکس کد GMT10,"۲,۹۰۰,۰۰۰تومان",۵۸٪
مجموعه نرم افزاری JB Pack 2021 نشر جی بی تیم,"۱۰۹,۰۰۰تومان",۳۹٪
کفش پیاده روی مردانه سعیدی مدل sa 4440,"۱۷۶,۰۰۰تومان",۲۰٪
تیشرت ورزشی زنانه پانیل کد 169W,"۹۳,۰۰۰تومان",۴۸٪
تشک مهمان نایت استار مدل مهر سایز 190*90 سانتی متر,"۲۸۰,۰۰۰تومان",۱۳٪
چاقو آشپزخانه وینر مدل T.04,"۲۳۹,۰۰۰تومان",۵۰٪
لامپ ال ای دی 9 وات باوند مدل A60-3 پایه E27 بسته 3 عددی,"۴۷,۸۰۰تومان",۴۹٪
گردنبند طلا 18 عیار زنانه مایا ماهک مدل MM0941,"۱,۳۶۴,۰۰۰تومان",
ایرماوس مدل جی30اس,"۲۰۹,۰۰۰تومان",۱۶٪
پیراهن زنانه ناربن مدل 1521411-69,"۱۸۸,۰۰۰تومان",۲۵٪
سرپیچ لامپ کد i10,"۵۲,۰۰۰تومان",۶۰٪
ادو پرفیوم زنانه اسکلاره مدل Limbo حجم 55 میلی لیتر,"۵۹,۰۰۰تومان",۵۱٪
دستبند طلا 18عیار مانچو مدل bfg134,"۲۸۸,۰۰۰تومان",۴۰٪
ماگ سفری مدل YETI گنجایش 0.800 لیتر,"۲۵۹,۰۰۰تومان",۲۱٪
تیغ یدک سیلور مدل Blaze 5 بسته 4 عددی,"۱۵۴,۹۰۰تومان",۴۰٪
تبر سفری توماهاوک مدل 0241,"۹۵۰,۰۰۰تومان",۲۴٪
پولوشرت پسرانه جیبیجو مدل 9926-7,"۱۴۹,۰۰۰تومان",۳۲٪
ست جا ادویه ۶ پارچه نورینو طرح Heart,"۶۵,۰۰۰تومان",۲۳٪
چهار چرخه کودک طرح زرافه مدل GoandGrown,"۳۱۹,۰۰۰تومان",۱۸٪
جاروبرقی کوپکس مدل VCC-3900,"۱,۵۹۰,۰۰۰تومان",۲۹٪
شارژر بی سیم انرجایزر مدل WCP 117,"۴۴۹,۰۰۰تومان",۲۴٪
دفتر 60 برگ طرح عکاسی مدل 002,"۲۳,۷۰۰تومان",۴۵٪
کفش پسرانه مدل پانا رنگ سرمه ای,"۱۵۸,۰۰۰تومان",۲۰٪
صندل زنانه مدل ملیکا کد A132,"۹۷,۰۰۰تومان",۶۵٪
سرویس پخت و پز 21 پارچه عروس مدل ویکتوریا کد 25,"۲,۵۴۰,۰۰۰تومان",۳۶٪
ساک پیک نیک گوگانا مدل 20022,"۷۵,۰۰۰تومان",۶۲٪
ست تاپ و شلوارک ورزشی مردانه پانیل کد 14011Y,"۱۲۵,۰۰۰تومان",۳۰٪
تی شرت مردانه اسپیور مدل 2M05-5,"۱۳۵,۰۰۰تومان",۵۸٪
هدفون بلوتوثی پاناسونیک مدل RP-NJ300B,"۴۹۹,۰۰۰تومان",۴۰٪
کیف اداری چرم ما مدل Ma-1,"۶۳۰,۰۰۰تومان",۳۶٪
ساختنی مدل  1-2007 BRIX Blocks,"۷۱,۵۰۰تومان",۴۰٪
کیف رودوشی گوگانا کد 300301,not available,
ساعت مچی عقربه ای تن بیتس مدل BF130209,not available,
جانماز ترمه طرح شاه عباسی کدSRM90,not available,
کفش روزمره زنانه شیفر مدل 5330C101,not available,
